sch_id,st_id,treated,age,female,std_scores
1,1,0,8,0,-0.15859024930861887
1,2,1,10,0,-0.578468839358357
1,3,0,12,0,-0.8067262839322029
1,4,1,7,0,0.16346350085716743
1,5,1,11,0,-0.6213747909731442
1,6,1,11,0,-0.6431342212016116
1,7,0,9,0,-0.3374389907079616
1,8,1,9,0,-0.34538916318496593
1,9,1,9,1,0.15965113448526536
1,10,1,9,0,-0.2482592862281443
1,11,1,9,0,-0.3650295224286204
1,12,0,9,1,0.2823863301620104
1,13,1,9,1,0.2195577571283962
1,14,0,10,0,-0.518231706721326
1,15,1,11,0,-0.7713859022425753
1,16,1,10,0,-0.4688065516199089
1,17,0,9,0,-0.3554646852773349
1,18,1,9,0,-0.2422750167659835
1,19,1,9,0,-0.2632120911457987
1,20,0,13,0,-1.1833013747755308
1,21,0,10,1,-0.03792587589869445
1,22,0,9,1,0.13878692999310682
1,23,1,9,1,0.1246057551913089
1,24,1,11,0,-0.6299915241187897
1,25,1,9,0,-0.30378628365764193
1,26,0,8,1,0.40961420507277224
1,27,1,11,0,-0.6625654671098675
1,28,1,9,0,-0.21046643867672943
1,29,0,10,0,-0.4957182420627395
1,30,1,9,0,-0.2352737589087064
1,31,0,12,0,-0.811776827921399
1,32,1,9,0,-0.36548196353852025
1,33,0,9,0,-0.29934005545186726
1,34,1,9,0,-0.358222810491611
1,35,1,8,0,-0.039222784331092386
1,36,0,8,0,-0.16974740077166728
1,37,0,7,0,0.11660832761085893
1,38,1,8,0,-0.12070984813643015
1,39,1,10,0,-0.4167611267226492
1,40,0,9,0,-0.3682242759362824
1,41,1,12,0,-0.9099794553956428
1,42,0,8,0,-0.19774219336961685
1,43,1,9,0,-0.2580663468388247
1,44,0,10,1,0.07937217105641658
1,45,0,9,0,-0.21875815569831447
1,46,0,9,1,0.27393721673743543
1,47,0,8,0,-0.1868031188207102
1,48,0,8,0,-0.14588491612594412
1,49,1,9,0,-0.35183903395513894
1,50,1,9,0,-0.3594696103937882
1,51,1,7,0,0.01082277948780841
1,52,0,9,0,-0.3353640665946971
1,53,0,8,1,0.3136413492078325
1,54,1,9,0,-0.21292539217659012
1,55,1,10,1,0.04590806590327379
1,56,1,11,1,-0.15925623511902742
1,57,0,12,0,-0.9660731636740838
1,58,1,9,0,-0.28126261987023127
1,59,0,12,0,-0.9542198354151066
1,60,0,8,0,-0.17252228984381368
1,61,0,11,1,-0.18571126223143564
1,62,0,14,0,-1.2209635485154222
1,63,0,10,0,-0.4901682770612077
1,64,1,9,0,-0.3105990219643233
1,65,1,10,0,-0.497849050267001
1,66,1,13,1,-0.5026353856093486
1,67,0,8,0,-0.17795309929278602
1,68,0,12,0,-0.8868799496245834
1,69,0,12,0,-0.8760577118356321
1,70,1,10,0,-0.5951688786350502
1,71,0,10,0,-0.5019495891215726
1,72,0,9,0,-0.37117398665102974
1,73,0,9,1,0.1036686233609283
1,74,1,11,0,-0.6833631312134507
1,75,0,13,0,-1.08556102597601
1,76,0,10,1,0.04338762307145805
1,77,1,8,0,-0.10665037199393002
1,78,1,9,0,-0.2953401674649587
1,79,1,10,1,-0.0730474573400306
1,80,1,10,0,-0.41032213990957245
1,81,1,10,0,-0.4497134061234833
1,82,0,10,0,-0.45191841419784295
1,83,1,8,0,-0.1118544122646008
1,84,1,10,0,-0.4508455653268062
1,85,0,11,0,-0.7404819978377719
1,86,1,11,0,-0.6973135402541732
1,87,1,11,0,-0.6555627426364623
1,88,1,9,0,-0.38609019566413294
1,89,0,10,1,0.05419090173537189
1,90,1,8,0,-0.16213649440666988
1,91,0,10,1,0.015035584485308284
1,92,1,10,0,-0.572180329134337
1,93,1,12,1,-0.48251948719185345
1,94,0,11,0,-0.7832707248777555
1,95,1,9,0,-0.3598278347239565
1,96,1,11,0,-0.6005648104245656
1,97,1,8,0,-0.179084383371366
1,98,0,11,1,-0.24839349595223448
1,99,0,11,0,-0.7751824135369025
1,100,0,13,0,-1.0999425155607687
2,101,0,11,0,-0.617244960847187
2,102,1,9,1,0.13427066071485494
2,103,0,10,0,-0.5186657787650466
2,104,0,9,1,0.1421221789305125
2,105,1,9,0,-0.266372319116136
2,106,0,10,0,-0.5472317008395171
2,107,0,9,0,-0.24649808201788215
2,108,1,10,0,-0.5475700112431499
2,109,1,11,1,-0.10040018578784027
2,110,0,10,0,-0.4852624474103615
2,111,0,10,0,-0.444581320974615
2,112,0,9,0,-0.3164153508705998
2,113,0,8,0,-0.18611042605573447
2,114,1,11,0,-0.7402110191136759
2,115,0,10,0,-0.5063250775331269
2,116,0,11,1,-0.23508206664689446
2,117,1,8,0,-0.14806224902658305
2,118,1,10,0,-0.5478078893494822
2,119,1,11,0,-0.6904001842036034
2,120,0,10,0,-0.49256791841129477
2,121,1,10,1,0.05413388010078535
2,122,0,9,0,-0.2788434031454736
2,123,0,13,0,-1.0821361193311798
2,124,0,11,1,-0.21227386672673854
2,125,0,13,0,-1.0159640243633952
2,126,0,10,0,-0.5226442860462024
2,127,0,9,0,-0.32141048119865556
2,128,0,8,0,-0.07197748337404386
2,129,1,9,1,0.17991620162874278
2,130,1,10,0,-0.5640077392886602
2,131,1,11,0,-0.7867149274865515
2,132,1,10,0,-0.5714885337804905
2,133,1,8,0,-0.16852296031596414
2,134,0,11,0,-0.6891409745506638
2,135,1,8,0,-0.03328097573171651
2,136,1,9,0,-0.39652135775646524
2,137,0,10,0,-0.4105882344099083
2,138,1,7,0,0.05104719659233092
2,139,0,11,0,-0.760231565265721
2,140,0,9,0,-0.32382530858106695
2,141,0,10,0,-0.4055201678487841
2,142,0,12,1,-0.3946074142263267
2,143,1,11,0,-0.6800787173814373
2,144,1,10,0,-0.46933088470501416
2,145,1,11,0,-0.6453140578124748
2,146,0,11,0,-0.6129311209840096
2,147,1,12,0,-0.9703268280471247
2,148,0,10,1,-0.07803443862397286
2,149,1,11,1,-0.14319552199970298
2,150,0,10,0,-0.5983025433416458
2,151,1,9,0,-0.39330108053459867
2,152,1,10,1,-0.02761095373613287
2,153,1,12,0,-0.9635069804794867
2,154,1,9,1,0.24765495042214059
2,155,1,10,0,-0.5344389282865394
2,156,0,12,1,-0.3852687308582401
2,157,1,10,0,-0.4336391353710374
2,158,1,9,0,-0.20205834932724698
2,159,0,9,0,-0.25398804571598443
2,160,1,9,0,-0.38965541272496096
2,161,0,9,0,-0.26033320690046513
2,162,0,10,0,-0.42628004736087033
2,163,1,9,1,0.11721559384467595
2,164,1,10,0,-0.4482254158523926
2,165,0,11,0,-0.6151328508538767
2,166,1,11,0,-0.6766729282822017
2,167,1,12,0,-0.9746682646399263
2,168,1,10,0,-0.48057050069588647
2,169,1,10,0,-0.40925276883364115
2,170,1,12,0,-0.9160632470757846
2,171,0,12,0,-0.9820571498316504
2,172,0,10,0,-0.5122312608811259
2,173,1,10,1,0.09408969846825954
2,174,0,7,0,0.015406008270866023
2,175,1,12,0,-0.8991652848749765
2,176,0,9,0,-0.26309591242460684
2,177,1,8,0,-0.18215188305517116
2,178,0,14,0,-1.3609069993609033
2,179,1,10,0,-0.5664740643149533
2,180,1,10,0,-0.4905930445024169
2,181,1,6,0,0.2727883809489289
2,182,0,10,0,-0.4717749592856557
2,183,1,11,1,-0.2760634633667589
2,184,0,11,1,-0.11705980665511717
2,185,0,11,0,-0.7580436748405126
2,186,0,13,1,-0.561084196464817
2,187,0,12,0,-0.8306738232807853
2,188,0,9,0,-0.3561074426237174
2,189,1,11,0,-0.6991722317480469
2,190,1,10,0,-0.4438794029130566
2,191,1,9,1,0.1521894014315528
2,192,1,6,1,0.80773052415851
2,193,0,9,1,0.22334585759132675
2,194,1,11,1,-0.13797481459451344
2,195,0,13,0,-1.1132122042108836
2,196,1,11,0,-0.6416178228246108
2,197,1,11,0,-0.6754219363097009
2,198,0,9,0,-0.22680131605787768
2,199,1,10,0,-0.5460056988409376
2,200,0,7,0,0.08781434351401018
3,201,1,11,0,-0.6372428700952426
3,202,0,11,0,-0.6970759712969272
3,203,1,10,0,-0.5524712590852991
3,204,1,11,0,-0.6981973682584708
3,205,1,10,0,-0.5881567075734586
3,206,1,11,1,-0.21509123719383894
3,207,1,13,0,-1.0211274096723972
3,208,0,12,0,-0.8146237232786868
3,209,0,10,0,-0.509238762339864
3,210,0,8,0,-0.18478623188218224
3,211,1,11,1,-0.11824460845462914
3,212,1,9,0,-0.38679637984193693
3,213,0,12,1,-0.4224236402064627
3,214,1,8,0,-0.045448867806646254
3,215,1,9,0,-0.38240763645234144
3,216,1,11,0,-0.6193619929678165
3,217,0,10,1,0.0429175735750571
3,218,0,9,0,-0.3285545743891527
3,219,1,10,0,-0.41381186630528943
3,220,1,11,1,-0.17805969809201683
3,221,0,11,0,-0.7531928710324096
3,222,1,11,1,-0.1867363315940902
3,223,0,13,0,-1.143038245689711
3,224,0,12,0,-0.831915236525727
3,225,1,10,0,-0.5813765999616076
3,226,0,9,0,-0.31338883705394815
3,227,1,14,0,-1.3256575126656847
3,228,1,11,1,-0.19160203761632832
3,229,0,9,0,-0.30644497766300716
3,230,1,10,1,-0.05274792663366368
3,231,1,10,0,-0.40824771898260837
3,232,0,10,0,-0.4223019137887931
3,233,1,9,1,0.2640346169565564
3,234,0,10,1,-0.033048854315896214
3,235,0,10,0,-0.59027214761328
3,236,1,8,1,0.3047749368069361
3,237,1,5,1,0.9144735191190803
3,238,0,10,0,-0.4279105619021655
3,239,0,10,1,-0.008348903194492774
3,240,1,11,0,-0.6680860062219462
3,241,0,10,0,-0.5167259513703337
3,242,0,11,1,-0.11692686472143565
3,243,1,8,0,-0.18950314046534134
3,244,0,11,0,-0.7011507388112066
3,245,0,11,1,-0.20333243831937953
3,246,0,10,0,-0.571177670961291
3,247,0,12,0,-0.8838951830936272
3,248,0,11,1,-0.11440095952690399
3,249,0,10,0,-0.5747735071623348
3,250,1,10,0,-0.57581426491029
3,251,1,11,0,-0.6235826295729483
3,252,0,11,0,-0.7998483209872327
3,253,0,11,0,-0.6278987583091555
3,254,0,11,0,-0.687580895370342
3,255,0,8,0,-0.1785850216048095
3,256,0,9,1,0.10479252269944572
3,257,0,12,1,-0.4177500850194278
3,258,0,8,0,-0.1538277433968298
3,259,1,10,0,-0.572992762695065
3,260,0,11,0,-0.6145520920486462
3,261,1,11,0,-0.7759988583823283
3,262,1,10,1,0.09867724248224086
3,263,0,10,0,-0.5448660495731872
3,264,0,8,1,0.49872384580511464
3,265,0,10,1,-0.0957694243949212
3,266,1,9,0,-0.31146693899873057
3,267,1,10,0,-0.432500541452258
3,268,1,8,1,0.33595075427337484
3,269,0,11,1,-0.10887615053631494
3,270,0,11,0,-0.6885371582877311
3,271,1,10,1,0.08615781875166939
3,272,1,13,1,-0.516191079662359
3,273,0,11,0,-0.6896628312466095
3,274,0,11,0,-0.7683138101612652
3,275,1,13,0,-1.0796587039462269
3,276,1,9,1,0.18416273936588357
3,277,1,11,0,-0.7287120684910997
3,278,0,11,0,-0.7790471369257839
3,279,0,10,1,0.001745364704421215
3,280,0,10,1,-0.09024163433888521
3,281,1,9,0,-0.21381354848726675
3,282,1,11,0,-0.6329834645164718
3,283,1,9,1,0.198264349962207
3,284,1,11,1,-0.23014426793110543
3,285,1,9,0,-0.27049271607007785
3,286,0,10,0,-0.5903392516087886
3,287,0,9,0,-0.2605672366079894
3,288,1,10,0,-0.43048767578884384
3,289,0,8,0,-0.06078514520827705
3,290,1,10,0,-0.5363266302467746
3,291,0,11,1,-0.27872548124945506
3,292,0,10,1,-0.051830226478580155
3,293,0,8,1,0.4995650615785836
3,294,1,9,0,-0.32448656606724424
3,295,1,12,1,-0.46839970455942836
3,296,0,13,0,-1.0118902643097174
3,297,0,8,0,-0.16764941327803817
3,298,0,9,1,0.10371934440009234
3,299,0,11,1,-0.10002038117464895
3,300,1,10,0,-0.5902710112134248
4,301,0,9,0,-0.33596339210713966
4,302,0,9,0,-0.2303720661970532
4,303,0,10,0,-0.4492499317728127
4,304,0,11,0,-0.7856168945939999
4,305,1,10,0,-0.5066826158509645
4,306,0,9,1,0.1835729020996828
4,307,1,9,0,-0.35734142693361415
4,308,1,12,0,-0.9566188695714004
4,309,1,9,1,0.1264193253826953
4,310,0,11,0,-0.7158589852108843
4,311,0,12,1,-0.4162649052003742
4,312,0,11,0,-0.6254873847887392
4,313,0,9,1,0.11928095764052093
4,314,0,10,0,-0.4886858315404785
4,315,0,9,0,-0.3607621984895051
4,316,0,12,0,-0.8472508396122587
4,317,0,10,0,-0.45769986394602613
4,318,0,12,0,-0.9384015046161891
4,319,1,9,1,0.15884801286699846
4,320,0,9,0,-0.3169676015420251
4,321,1,10,1,-0.040483888108171495
4,322,0,10,0,-0.506841582808883
4,323,0,9,0,-0.35731956247559005
4,324,1,8,0,-0.0527134367805937
4,325,0,10,1,-0.008504068142287213
4,326,1,9,1,0.20267849726126586
4,327,0,12,0,-0.8062086192016049
4,328,0,9,0,-0.23053986178985397
4,329,1,12,0,-0.8186174306287612
4,330,1,9,0,-0.31642291245177967
4,331,1,10,0,-0.5827230302942232
4,332,1,11,1,-0.2541915162784001
4,333,1,9,0,-0.3532775047295098
4,334,1,11,1,-0.15681890404579635
4,335,1,10,1,0.024882711784036227
4,336,1,8,0,-0.1789132958101185
4,337,0,10,1,0.07639004975930197
4,338,0,12,1,-0.4581457626009122
4,339,1,10,0,-0.4394345580062684
4,340,0,9,0,-0.26869618997213074
4,341,0,10,0,-0.4847200096169477
4,342,0,10,0,-0.5933781484329375
4,343,1,11,0,-0.7702066053034691
4,344,0,12,0,-0.8235607147969479
4,345,1,10,1,-0.028432027820857186
4,346,0,12,1,-0.3293916213625301
4,347,0,9,0,-0.2838346433287784
4,348,1,7,0,0.16312853081570955
4,349,1,9,0,-0.36658778049390617
4,350,0,9,0,-0.3540940341028076
4,351,1,7,1,0.6550739472802618
4,352,1,11,0,-0.6590910374316272
4,353,1,9,1,0.22168508640439866
4,354,1,10,0,-0.4360622773695255
4,355,1,8,0,-0.051099485995359295
4,356,1,11,0,-0.6548632304019355
4,357,0,13,0,-1.0349197794941078
4,358,1,9,0,-0.25164228838235636
4,359,1,10,0,-0.4681635322869031
4,360,1,13,1,-0.5511792891325378
4,361,1,11,0,-0.7641231443547336
4,362,1,13,1,-0.541094915957919
4,363,1,10,0,-0.49851958485728076
4,364,1,10,0,-0.45693435476148636
4,365,1,9,0,-0.35585439972052324
4,366,1,12,1,-0.4057587175218025
4,367,0,8,1,0.36369005828944534
4,368,0,10,0,-0.5869215862247383
4,369,1,10,0,-0.48689914040997917
4,370,1,13,0,-1.1369170428116155
4,371,0,9,1,0.17197790907602606
4,372,1,8,0,-0.07310884013347962
4,373,0,10,0,-0.5657982006955762
4,374,1,10,0,-0.48878565526282713
4,375,0,9,0,-0.2626595898013404
4,376,1,10,0,-0.5374175702351964
4,377,1,10,1,0.07793016671219011
4,378,0,9,0,-0.30801806478816296
4,379,0,11,1,-0.14165779344822793
4,380,1,10,1,0.09380826795360342
4,381,1,7,0,0.019010791465857935
4,382,1,6,0,0.25002568747056153
4,383,1,9,0,-0.3357865636332382
4,384,1,12,0,-0.9113061590021858
4,385,0,11,0,-0.7370587872338841
4,386,1,12,0,-0.8436690504953828
4,387,1,11,0,-0.7778945044436205
4,388,0,10,0,-0.5893115530552739
4,389,0,8,1,0.42626168149241117
4,390,0,10,0,-0.5581439162049402
4,391,0,12,0,-0.9517643255134995
4,392,1,5,1,0.9605518218551552
4,393,0,9,0,-0.2790002005097596
4,394,1,12,1,-0.31182408939762585
4,395,0,11,0,-0.6495516755073516
4,396,0,11,1,-0.22327445430242543
4,397,1,11,0,-0.6292872641071421
4,398,0,11,0,-0.6524050200038936
4,399,0,10,0,-0.504141700461854
4,400,1,9,0,-0.24077772690421795
5,401,1,8,0,-0.15300429202248056
5,402,1,10,0,-0.5102255752856895
5,403,0,9,1,0.11918797126065694
5,404,0,9,0,-0.24562133120722085
5,405,1,11,1,-0.11807023453687782
5,406,0,10,1,-0.043400725589570754
5,407,0,12,0,-0.9138789456205787
5,408,0,8,1,0.31720880839061527
5,409,0,9,1,0.1464525858983161
5,410,1,10,1,0.021198237757742655
5,411,1,8,1,0.39818316522909414
5,412,0,10,1,0.08052697999380842
5,413,0,9,0,-0.2996989430577821
5,414,1,7,0,0.10744404049801659
5,415,0,10,0,-0.41971872759158946
5,416,1,9,0,-0.34894158048381385
5,417,0,12,0,-0.8204636765759674
5,418,0,9,1,0.17085649265985214
5,419,1,11,1,-0.1576880919334278
5,420,1,10,1,-0.040341656182606656
5,421,1,8,0,-0.1501631018812084
5,422,1,11,0,-0.6058238960388316
5,423,1,10,0,-0.469994313082831
5,424,0,10,0,-0.546969422703143
5,425,1,11,0,-0.6861203614079909
5,426,0,10,1,-0.032233581406234446
5,427,0,12,0,-0.9483507176585819
5,428,0,10,0,-0.5326834485307645
5,429,1,8,0,-0.14531551028848444
5,430,0,11,1,-0.20983104646680628
5,431,0,8,0,-0.15411119012385055
5,432,1,7,0,0.04274522117922519
5,433,0,9,0,-0.2709153945429019
5,434,0,9,0,-0.28937347269228986
5,435,1,9,1,0.17182862301894053
5,436,0,12,1,-0.45446023396034896
5,437,1,12,1,-0.4626173839088463
5,438,1,11,0,-0.7053695752938727
5,439,0,8,1,0.3602949254441947
5,440,1,10,0,-0.5065468345232103
5,441,0,11,1,-0.13777869107946428
5,442,0,10,0,-0.4612427692915646
5,443,1,10,0,-0.5485769581131197
5,444,0,9,0,-0.2327719263801733
5,445,0,8,1,0.3641940199881961
5,446,1,12,0,-0.8981762800771778
5,447,1,10,0,-0.575624416613429
5,448,1,9,1,0.11551229687281683
5,449,0,10,0,-0.5920005941312358
5,450,0,13,0,-1.0833577128643697
5,451,0,11,0,-0.602577705464904
5,452,1,12,1,-0.3992055181073262
5,453,1,12,1,-0.38679994336375767
5,454,1,9,1,0.11516680590682071
5,455,0,11,0,-0.7156793715388456
5,456,1,9,0,-0.31581259284800334
5,457,0,8,0,-0.08318720208128205
5,458,1,8,0,-0.16011758665680564
5,459,1,10,1,0.042064503434837475
5,460,0,13,1,-0.5082860117779613
5,461,1,10,1,-0.0296443820492569
5,462,1,9,0,-0.27292312993964263
5,463,1,10,1,-0.06515987975029702
5,464,0,11,0,-0.6974171968898002
5,465,1,8,0,-0.13366162893460265
5,466,0,9,0,-0.20169138635387474
5,467,0,7,0,0.04916952894073301
5,468,0,8,0,-0.14091403822394155
5,469,0,9,1,0.25100560040647824
5,470,1,10,0,-0.41743375386293136
5,471,1,12,0,-0.8988348267872208
5,472,1,11,0,-0.7513457525531777
5,473,1,10,0,-0.5772087970171076
5,474,1,9,1,0.1602704092514422
5,475,1,10,0,-0.48862776075514214
5,476,1,11,0,-0.6548881328452691
5,477,0,9,1,0.14256215186050158
5,478,1,11,1,-0.2995502681452571
5,479,0,12,0,-0.8104067435456428
5,480,0,8,0,-0.17006266644249846
5,481,0,9,0,-0.28874157907728737
5,482,0,12,0,-0.8413172565858646
5,483,0,8,0,-0.022782152446016113
5,484,1,11,0,-0.6187118851277429
5,485,1,10,1,-0.06604342310138156
5,486,1,15,0,-1.4039373636028678
5,487,1,6,0,0.27207019190127446
5,488,1,9,0,-0.2621870348879516
5,489,0,11,0,-0.6906440969267513
5,490,0,12,1,-0.4735710515636171
5,491,1,11,0,-0.7374993724233483
5,492,1,8,0,-0.09599639727444198
5,493,1,13,1,-0.6333946240509976
5,494,0,8,0,-0.0029700546350281964
5,495,1,8,0,-0.1851915106691575
5,496,1,10,0,-0.48779805490171047
5,497,1,13,1,-0.6294910381631467
5,498,0,11,0,-0.6432079569336344
5,499,0,11,0,-0.706587200368844
5,500,1,12,0,-0.9887741542619768
6,501,1,11,1,-0.2785378374287584
6,502,1,8,0,-0.15359181709186354
6,503,1,11,0,-0.7007408886320912
6,504,0,10,0,-0.4691079210427629
6,505,1,13,0,-1.0041976524103085
6,506,1,10,0,-0.43114344648357994
6,507,0,8,0,-0.06806890758646755
6,508,0,11,0,-0.6391117677138687
6,509,1,11,1,-0.10026877703877313
6,510,1,10,1,0.0049854839747964785
6,511,1,9,0,-0.20116244102643144
6,512,1,9,0,-0.2627191003116831
6,513,0,10,0,-0.49642890810091256
6,514,1,11,0,-0.7936218895432874
6,515,1,9,0,-0.39691579161679424
6,516,1,9,0,-0.2535168675025081
6,517,1,6,0,0.2648641187994152
6,518,0,11,1,-0.13979496440729378
6,519,1,11,0,-0.6208700966725345
6,520,1,12,0,-0.8702950940204026
6,521,1,12,0,-0.9148518105990981
6,522,1,10,0,-0.459537634173282
6,523,0,12,1,-0.36727514450697063
6,524,0,10,0,-0.5003715273536815
6,525,1,9,1,0.19131766055207167
6,526,0,9,0,-0.2600937738251734
6,527,0,10,0,-0.40187023809183176
6,528,0,10,0,-0.5643409026979924
6,529,0,10,1,0.007750287322978444
6,530,0,10,1,-0.05681681916497938
6,531,1,10,0,-0.5562694849253074
6,532,1,11,0,-0.7021192202073272
6,533,0,10,0,-0.4227325257915244
6,534,1,12,0,-0.9625461108398832
6,535,0,11,0,-0.6237985260854604
6,536,0,8,0,-0.16241708253842835
6,537,0,10,0,-0.42175161897473146
6,538,1,11,0,-0.6459137613330337
6,539,1,9,0,-0.38373599489554344
6,540,0,10,0,-0.5975793355831382
6,541,1,11,0,-0.6228657035652261
6,542,0,12,0,-0.868679163511274
6,543,0,9,0,-0.3156725608996398
6,544,1,10,0,-0.49522537111024123
6,545,1,9,0,-0.33943232609338425
6,546,0,8,0,-0.18119868179685117
6,547,1,7,0,0.022967778098917924
6,548,1,10,0,-0.5553039683352452
6,549,1,11,1,-0.170148340024725
6,550,0,11,0,-0.6807812276152707
6,551,1,8,0,-0.10685066118878694
6,552,0,8,0,-0.18047885172252243
6,553,0,8,1,0.32276714781964766
6,554,0,9,1,0.1947857149510781
6,555,0,10,0,-0.5481392125434104
6,556,0,11,0,-0.6681453050866937
6,557,0,9,1,0.23052604568642554
6,558,1,6,0,0.31015962886404935
6,559,0,11,0,-0.7697820207883495
6,560,1,11,0,-0.6740288134646302
6,561,1,9,0,-0.30176382996237705
6,562,1,8,1,0.3036772861004535
6,563,0,10,0,-0.4151496761786555
6,564,1,10,1,-0.030577153459387052
6,565,1,11,0,-0.7045520656368534
6,566,1,12,1,-0.3931782675713116
6,567,0,9,1,0.24010048297202036
6,568,0,10,0,-0.5822288379573042
6,569,0,12,1,-0.3773619682910221
6,570,0,9,0,-0.24506193993880188
6,571,1,10,1,0.06300700795403102
6,572,0,7,0,0.0010468221591142246
6,573,0,10,0,-0.5812952888479281
6,574,0,9,0,-0.31864358272789883
6,575,0,9,0,-0.23838812839925771
6,576,1,9,0,-0.2793890569465347
6,577,0,11,1,-0.12572453989155097
6,578,1,7,1,0.611638598340966
6,579,0,9,1,0.12035265712115617
6,580,1,9,0,-0.213277347587165
6,581,1,9,0,-0.22787164431112372
6,582,0,11,0,-0.6342469454135098
6,583,0,10,0,-0.5994911317394758
6,584,0,10,0,-0.469730072149104
6,585,1,11,0,-0.6520328388587577
6,586,0,9,0,-0.329699017328676
6,587,0,7,0,0.07227499414968808
6,588,0,12,0,-0.8265196463428008
6,589,1,10,0,-0.43475016678329736
6,590,1,9,1,0.10326269749592276
6,591,0,10,0,-0.5445527984080147
6,592,1,11,0,-0.7166383475206213
6,593,0,11,1,-0.12051559327074379
6,594,1,11,1,-0.26227026091005134
6,595,1,10,0,-0.5130488333779155
6,596,1,9,1,0.14263351915389744
6,597,1,10,0,-0.41502007437931865
6,598,0,11,0,-0.7327557875389039
6,599,1,9,0,-0.2597905100828084
6,600,0,9,1,0.2697216661056503
7,601,1,10,1,-0.08866517030328813
7,602,1,11,1,-0.1732336115927402
7,603,0,8,0,-0.021689432903134964
7,604,1,11,1,-0.2219462882608978
7,605,0,10,1,-0.003372937603571824
7,606,0,10,1,0.051266737271507434
7,607,1,12,0,-0.8130939857833539
7,608,1,12,0,-0.9184360581313591
7,609,0,8,0,-0.17546642981574334
7,610,1,11,0,-0.786139067940038
7,611,1,9,0,-0.3212238344216556
7,612,1,10,0,-0.5374374346394992
7,613,0,11,1,-0.13602643264665515
7,614,0,10,0,-0.5376683214269651
7,615,0,8,0,-0.08623944749236867
7,616,0,9,0,-0.3567679468085476
7,617,1,12,0,-0.9354825263460045
7,618,1,10,0,-0.5488734157229658
7,619,1,9,0,-0.26359329416212396
7,620,0,9,0,-0.3144753462047305
7,621,0,11,0,-0.7991248605368173
7,622,0,10,1,-0.09788719301620308
7,623,0,9,0,-0.24623732486677996
7,624,0,10,0,-0.501772069345769
7,625,0,11,0,-0.6687639052405916
7,626,0,12,0,-0.9872112257369428
7,627,1,9,0,-0.250603584389407
7,628,0,9,0,-0.3925350554468432
7,629,0,11,0,-0.7817424588128712
7,630,0,9,0,-0.3701410012859949
7,631,1,12,0,-0.9130255245925363
7,632,1,11,0,-0.795074578467414
7,633,0,8,0,-0.030752351840577452
7,634,1,11,0,-0.6199133674028641
7,635,1,8,0,-0.09860010851434953
7,636,0,8,0,-0.0857224126141507
7,637,1,10,0,-0.5199180587773924
7,638,0,10,0,-0.5160366788973882
7,639,0,10,0,-0.49074873042210077
7,640,1,12,0,-0.8575927307456652
7,641,0,10,0,-0.5834351737470942
7,642,1,9,1,0.19037770204240645
7,643,1,10,0,-0.5338246767455077
7,644,0,9,0,-0.35450669610942764
7,645,0,10,0,-0.4807351376966733
7,646,1,8,1,0.32470680309707767
7,647,0,10,1,0.0325960613574614
7,648,1,10,0,-0.529114808282924
7,649,0,9,1,0.19848303135364986
7,650,1,10,0,-0.5116617816056319
7,651,0,9,1,0.183499400050958
7,652,1,9,0,-0.3178470701735383
7,653,1,10,1,0.05782403181689677
7,654,0,11,0,-0.6388307765449359
7,655,1,10,0,-0.4419219295490373
7,656,1,10,0,-0.5539356513043958
7,657,0,11,0,-0.7743642738182746
7,658,0,10,0,-0.4193159829783015
7,659,0,10,1,0.02930795497898897
7,660,0,11,0,-0.6446046211990235
7,661,0,8,0,-0.14413791990384084
7,662,1,11,0,-0.653817212173708
7,663,1,9,0,-0.34868944809571656
7,664,1,8,0,-0.17811197486456165
7,665,0,7,1,0.5000669822198247
7,666,0,9,0,-0.2977736257406596
7,667,0,8,0,-0.1690168174045834
7,668,1,8,0,-0.16668452919034782
7,669,0,12,0,-0.9602674960131727
7,670,0,8,0,-0.15715314917656054
7,671,0,11,1,-0.2821384107694267
7,672,0,11,1,-0.15421875618424474
7,673,0,9,0,-0.2497438466958508
7,674,0,9,1,0.17288214853652129
7,675,1,9,0,-0.383978057134446
7,676,1,10,0,-0.5538559026452279
7,677,0,10,0,-0.40147883227061176
7,678,1,11,1,-0.23386779826874582
7,679,1,10,1,0.08278435735309575
7,680,0,7,0,0.11245239547263886
7,681,0,10,0,-0.47278578603307264
7,682,0,7,1,0.5238124977788905
7,683,1,11,0,-0.7652530452779458
7,684,0,9,1,0.21147767249095106
7,685,1,8,0,-0.18456208726247691
7,686,1,9,0,-0.3326967210507421
7,687,1,11,0,-0.6655282340602526
7,688,1,7,1,0.5426502051332225
7,689,1,10,0,-0.5717902297806225
7,690,1,9,0,-0.22500850165381903
7,691,1,10,0,-0.4975920332644155
7,692,1,11,0,-0.6920620559933042
7,693,1,11,1,-0.1611160808659089
7,694,0,12,0,-0.925101752978915
7,695,0,10,0,-0.5365108650065173
7,696,1,9,1,0.19832448799317426
7,697,1,13,0,-1.1091603908431602
7,698,1,10,1,0.08577096029340647
7,699,0,11,0,-0.7284180546403101
7,700,0,11,0,-0.7633241515699178
8,701,1,11,0,-0.6286657433859122
8,702,0,12,0,-0.9031698543950322
8,703,1,10,0,-0.44088836988324265
8,704,1,8,0,-0.15170669781322843
8,705,1,9,1,0.10199409389010317
8,706,1,9,0,-0.34522470607174327
8,707,0,10,0,-0.5927712804462373
8,708,0,9,0,-0.23602294393852374
8,709,0,11,1,-0.19256238036856432
8,710,0,8,0,-0.17080434492982066
8,711,0,12,0,-0.9965161009876464
8,712,1,12,0,-0.9100193642104157
8,713,1,9,0,-0.37306162148296984
8,714,0,10,0,-0.539617011930059
8,715,1,9,0,-0.39431572766122125
8,716,1,8,0,-0.1587689018584577
8,717,0,6,1,0.7527423143857255
8,718,0,10,1,0.0070977945434158585
8,719,0,10,0,-0.4902777746830873
8,720,1,12,0,-0.9645292854606535
8,721,0,7,0,0.06440192645031129
8,722,1,9,0,-0.3127098265155184
8,723,0,11,0,-0.7489123328256877
8,724,0,10,1,-0.0968417865904514
8,725,1,10,0,-0.5344371907505905
8,726,0,9,1,0.17557773479987193
8,727,1,10,1,-0.056835904539574766
8,728,1,10,0,-0.4332758914778094
8,729,1,10,0,-0.5321482180610686
8,730,1,9,0,-0.3365369387865198
8,731,0,12,0,-0.8361769162625996
8,732,1,11,0,-0.7997952519541296
8,733,1,12,1,-0.37809231828368395
8,734,0,9,0,-0.3961488757004721
8,735,0,10,0,-0.4139205809148916
8,736,1,10,0,-0.40092596095658073
8,737,0,12,0,-0.8886668320227864
8,738,0,10,1,0.08477375690617173
8,739,0,10,1,-0.027615389025515302
8,740,1,11,0,-0.6078162560070708
8,741,1,11,0,-0.6918274792049712
8,742,0,10,0,-0.4242905656243021
8,743,1,13,1,-0.6635392918728087
8,744,1,9,0,-0.2376648958256451
8,745,0,8,0,-0.09650869949120544
8,746,1,10,1,-0.011965000340917964
8,747,0,12,0,-0.9999085052017147
8,748,1,10,1,-0.014920045613719068
8,749,1,10,0,-0.531035210774204
8,750,0,11,0,-0.7441505691996539
8,751,0,10,0,-0.4720061503006556
8,752,0,10,0,-0.529329812369276
8,753,0,12,1,-0.34181114022319603
8,754,0,10,0,-0.5265153788782686
8,755,1,9,0,-0.2872466962673237
8,756,0,11,0,-0.6117014375707064
8,757,0,8,0,-0.19127139972952545
8,758,1,8,0,-0.08753261493302822
8,759,1,10,0,-0.46529172446915634
8,760,1,8,1,0.3113897988139789
8,761,0,11,0,-0.6643098573782447
8,762,0,10,1,0.04156302648185739
8,763,0,9,1,0.21675216119025742
8,764,0,12,1,-0.4590247531840528
8,765,0,10,1,0.03109588168607469
8,766,0,12,0,-0.9021188573178134
8,767,1,10,0,-0.4679196828501422
8,768,0,10,0,-0.4068652853169903
8,769,1,11,1,-0.1056307176040554
8,770,1,11,0,-0.791296352500432
8,771,0,14,0,-1.2653087536960026
8,772,0,9,1,0.2927268974885442
8,773,0,10,0,-0.448118201233221
8,774,1,12,0,-0.8048397600268493
8,775,0,10,1,-0.09662479115970113
8,776,1,10,1,0.052988778810551196
8,777,1,8,0,-0.13149579577125947
8,778,1,10,1,0.07881645867066034
8,779,0,10,0,-0.4477437033913767
8,780,0,10,1,0.023130169119956134
8,781,1,12,1,-0.4560108421027089
8,782,0,9,1,0.13065631720559057
8,783,0,8,0,-0.05422565792001777
8,784,0,11,0,-0.6404124770796562
8,785,1,10,1,0.03166531188715416
8,786,1,10,0,-0.4422021098796216
8,787,0,11,0,-0.6797658231448152
8,788,0,6,1,0.8221315454489224
8,789,1,9,1,0.15659820199486663
8,790,0,10,0,-0.4565972686633195
8,791,0,11,0,-0.6712020113128441
8,792,1,10,1,0.07382381363855206
8,793,0,9,0,-0.21570391087903373
8,794,0,11,1,-0.10537761034830018
8,795,1,10,0,-0.5055002093142122
8,796,0,10,0,-0.5312622699530065
8,797,1,12,0,-0.8271275195474206
8,798,0,9,0,-0.34663689427446887
8,799,0,8,0,-0.1466725205709718
8,800,0,8,0,-0.1379577651326469
9,801,1,9,0,-0.21038807290966943
9,802,1,8,0,-0.10751314598919781
9,803,0,10,0,-0.48607816649034774
9,804,1,13,0,-1.0122170451948684
9,805,0,10,1,0.028145696903453477
9,806,1,11,1,-0.21983585647224446
9,807,0,8,0,-0.18813866462153794
9,808,1,10,0,-0.4373093884547772
9,809,1,11,1,-0.16011583473884228
9,810,1,9,0,-0.39960233596984307
9,811,0,11,1,-0.22210580420409753
9,812,1,11,0,-0.6963062431489546
9,813,0,9,0,-0.32103696006896887
9,814,0,9,1,0.21834287621055948
9,815,0,13,0,-1.166891465428916
9,816,1,10,1,0.054461176581196424
9,817,1,10,0,-0.5018722304439196
9,818,1,10,1,0.01542794556031013
9,819,0,9,1,0.16071317533878182
9,820,0,9,0,-0.23781160968612136
9,821,0,8,1,0.3212344193545713
9,822,1,11,1,-0.25850758707780885
9,823,0,9,0,-0.22109931355255075
9,824,0,11,0,-0.6887933848886498
9,825,1,12,0,-0.8978452836631852
9,826,0,12,0,-0.8274693415257843
9,827,0,10,0,-0.4607546692337754
9,828,1,9,1,0.15254325522239753
9,829,1,8,0,-0.19484283625420784
9,830,1,10,0,-0.49474983398689476
9,831,0,10,0,-0.43420634849849193
9,832,1,10,0,-0.5442064895069723
9,833,0,9,1,0.17083975739576007
9,834,1,11,1,-0.17791799961700994
9,835,1,11,0,-0.7019976585866208
9,836,1,12,0,-0.8043065432022551
9,837,0,13,1,-0.6363269529403079
9,838,0,10,1,-0.05597191376024613
9,839,0,9,0,-0.33721091812670245
9,840,1,10,0,-0.4781303568112165
9,841,0,8,0,-0.03955472287528683
9,842,0,10,0,-0.53674781728186
9,843,1,9,0,-0.3796014563611543
9,844,0,11,0,-0.6148374642482781
9,845,0,10,0,-0.4239689979533221
9,846,1,8,0,-0.10939858786805323
9,847,0,10,0,-0.5103473258404256
9,848,0,8,0,-0.11724464616062669
9,849,0,11,0,-0.7537116650011626
9,850,0,7,0,0.01742106310851721
9,851,0,10,0,-0.4598711402727842
9,852,1,11,1,-0.12953680830900005
9,853,1,8,0,-0.07018726067369352
9,854,1,12,0,-0.8957126001005422
9,855,1,9,0,-0.24958826178490412
9,856,0,9,1,0.14321183297710216
9,857,0,10,0,-0.5461972958857091
9,858,1,10,1,0.09535868279827664
9,859,0,9,0,-0.20698865869410388
9,860,0,11,0,-0.6157782499355569
9,861,1,9,0,-0.35172721513511096
9,862,1,11,0,-0.6432599395169882
9,863,0,9,1,0.14275718355515354
9,864,1,9,0,-0.22924872044156963
9,865,1,10,0,-0.47323336136178584
9,866,1,11,0,-0.6836891781806433
9,867,1,10,0,-0.5685389550133979
9,868,0,10,0,-0.483330922053153
9,869,1,7,0,0.05091935854658791
9,870,1,12,0,-0.910530253848203
9,871,1,10,0,-0.488703353241585
9,872,1,9,0,-0.25562454948597857
9,873,0,10,1,0.057046614479944635
9,874,1,10,1,-0.07389423201091017
9,875,0,8,0,-0.07054537625618007
9,876,1,11,1,-0.20288551923434728
9,877,0,10,0,-0.569814838342301
9,878,0,12,0,-0.8401938938520161
9,879,0,11,0,-0.778894021859823
9,880,1,9,0,-0.3478474218110148
9,881,0,9,0,-0.3613270994258473
9,882,1,9,0,-0.21842550544008654
9,883,0,9,1,0.10230503733754759
9,884,0,11,0,-0.7671038763656788
9,885,1,13,0,-1.0069126924813463
9,886,1,11,0,-0.7625938318131809
9,887,1,7,0,0.01758453413782579
9,888,1,11,1,-0.2324622328706787
9,889,0,11,0,-0.7931010674977581
9,890,0,11,0,-0.674632788302143
9,891,0,9,0,-0.2581891771185718
9,892,0,12,1,-0.30108904250597845
9,893,1,11,1,-0.20632851430998134
9,894,0,11,0,-0.6874275857590084
9,895,1,9,0,-0.3921217522297753
9,896,0,11,1,-0.2392543248911143
9,897,0,10,0,-0.5315629512868081
9,898,1,10,0,-0.4808316753680921
9,899,0,12,0,-0.9206148593350729
9,900,0,11,1,-0.21417511379981002
10,901,0,6,1,0.8129019746002089
10,902,1,9,1,0.12064442328264202
10,903,0,8,0,-0.07929796879162732
10,904,0,11,0,-0.6665354261552761
10,905,0,9,0,-0.37481395383223925
10,906,1,11,0,-0.7549274950546452
10,907,0,11,0,-0.6323218367620966
10,908,0,10,0,-0.5062339435155878
10,909,1,10,0,-0.47592787000209547
10,910,1,9,0,-0.39781822144394074
10,911,1,10,0,-0.556428960051123
10,912,1,8,1,0.3134616395109715
10,913,0,11,0,-0.6902948998332006
10,914,0,9,1,0.11147216908662783
10,915,1,9,0,-0.28957419009994756
10,916,1,10,0,-0.4077611796520515
10,917,0,13,0,-1.030236415967818
10,918,0,8,0,-0.002762753202067092
10,919,1,10,1,0.09867276605082709
10,920,1,10,1,-0.030147986684422978
10,921,0,9,0,-0.34792713193813873
10,922,1,9,0,-0.3836755231729747
10,923,0,11,0,-0.6081444410233288
10,924,0,10,0,-0.5629364883672188
10,925,1,9,1,0.19056655267514766
10,926,0,11,0,-0.6604942645065162
10,927,1,10,0,-0.5507656437571766
10,928,1,11,0,-0.6941267621097693
10,929,0,8,0,-0.12459314581703729
10,930,1,9,1,0.21719956834065268
10,931,0,10,0,-0.44549549974632474
10,932,1,11,0,-0.7712606422676056
10,933,1,9,0,-0.3503673345935927
10,934,1,9,0,-0.20785544179971271
10,935,0,11,0,-0.7182825878581993
10,936,0,11,0,-0.6316227411700535
10,937,1,8,0,-0.1533278708323913
10,938,0,13,0,-1.0788877421839853
10,939,0,12,0,-0.9238891462425154
10,940,0,8,1,0.3928541265991372
10,941,1,13,0,-1.1090668399783632
10,942,0,8,0,-0.010931930917745802
10,943,0,10,0,-0.5288619732717779
10,944,1,8,1,0.32280248411194457
10,945,0,9,0,-0.3933657268648596
10,946,1,10,0,-0.4013495251235524
10,947,0,10,0,-0.5913256921922745
10,948,0,8,0,-0.18198873271912896
10,949,0,6,0,0.27981142188857433
10,950,0,10,0,-0.4729005288398014
10,951,0,9,1,0.21119859823820764
10,952,0,10,1,-0.05961798800788953
10,953,1,9,0,-0.26000518420004615
10,954,0,11,0,-0.7240863153298855
10,955,1,10,0,-0.5082554525998684
10,956,0,11,1,-0.17066390212558558
10,957,0,9,1,0.28141155799521744
10,958,0,10,1,0.05977384569531008
10,959,0,10,1,-0.0973038575358891
10,960,1,10,0,-0.47471993442530525
10,961,1,12,1,-0.4678324435641734
10,962,0,7,0,0.05519442478409031
10,963,1,11,0,-0.7138645906437744
10,964,1,10,0,-0.5040782123228573
10,965,0,11,0,-0.7674882575652449
10,966,1,10,0,-0.47205273799793557
10,967,0,6,0,0.27491952171346723
10,968,0,11,0,-0.6188804465197935
10,969,1,10,0,-0.4382330171138973
10,970,1,9,0,-0.2201680549752092
10,971,1,9,0,-0.31432255674794596
10,972,0,10,0,-0.5157440289592197
10,973,1,13,0,-1.1935482758800111
10,974,1,10,0,-0.5532235240120165
10,975,1,9,0,-0.22290002176651758
10,976,0,13,0,-1.038422348124067
10,977,0,9,0,-0.37596787533001375
10,978,1,9,1,0.23468197948636726
10,979,0,8,0,-0.14722971071805957
10,980,1,9,0,-0.3094179886219963
10,981,1,13,1,-0.5473479580325029
10,982,0,11,0,-0.7564142952618376
10,983,0,11,0,-0.708321229840609
10,984,0,10,1,-0.04147189871353918
10,985,1,10,0,-0.5800786541076342
10,986,1,11,1,-0.16667262610077183
10,987,0,10,0,-0.5610514514412777
10,988,1,10,0,-0.543855677529816
10,989,0,11,0,-0.7697829130427234
10,990,0,10,1,0.046910228240488294
10,991,1,10,0,-0.572125951088478
10,992,1,9,0,-0.24615648350913233
10,993,1,12,1,-0.44801440089284306
10,994,0,12,0,-0.8939316282128917
10,995,1,7,0,0.012584033966664743
10,996,1,10,1,0.061184444653879844
10,997,1,11,1,-0.15552277855070296
10,998,0,11,0,-0.6365384268292638
10,999,0,11,1,-0.21520051827910525
10,1000,1,9,0,-0.37394887765432383
